sample_id,observed_species,shannon,simpson,gender,study_condition,age_category,age
ERR4042941,195,3.7334256140022326,0.9544293727433656,male,Diseased,senior,88
ERR4042921,151,3.410748966824115,0.9412041105175897,male,Diseased,middle age,60
ERR4043188,164,3.4645459899779762,0.9448952337119496,male,Diseased,middle age,48
ERR4043295,161,3.7603633227522044,0.959638042079985,female,Diseased,middle age,41
ERR4043366,166,3.687508780272003,0.9554665493305521,male,Control,young,30
ERR4043606,179,3.588975977838842,0.9431921870733718,female,Control,middle age,50
ERR4043792,179,3.989517016423901,0.9684553796786166,female,Control,middle age,52
ERR4042883,205,4.07569787944031,0.9727314313664506,male,Diseased,middle age,57
ERR4043803,174,3.633615660912608,0.9431978641568721,male,Control,middle age,46
ERR4042949,220,3.990777400853683,0.9689534008363355,female,Diseased,young,40
ERR4042824,185,3.412015614618029,0.9379895567266169,female,Diseased,young,38
ERR4043412,200,3.7250845921381806,0.9533517508746603,male,Control,senior,77
ERR4043582,164,3.687550949785808,0.9603272263694909,male,Control,young,31
ERR4043299,153,3.3968838186108496,0.947147543338439,male,Diseased,middle age,55
ERR4043615,181,3.934059601274032,0.9688790652366894,female,Control,middle age,48
ERR4043086,170,3.749105692243205,0.9604301524325874,male,Diseased,young,23
ERR4042849,129,3.221960739244945,0.9402672295554204,female,Diseased,senior,78
ERR4043806,154,3.059604615144851,0.9075146756236546,male,Control,middle age,44
ERR4043608,189,3.536105743466995,0.9386848057238217,male,Control,middle age,45
ERR4043596,177,3.7110851879013484,0.958654997027818,male,Control,middle age,48
